{"cameraMode":{"drawMode":0,"name":"Shaded","section":"Shading Mode"},"sceneLighting":false,"audioPlay":false,"sceneViewState":{"showFog":true,"showMaterialUpdate":false,"showSkybox":false,"showFlares":true,"showImageEffects":true,"showParticleSystems":true},"in2DMode":false,"pivot":{"x":2.4051923751831056,"y":3.7343482971191408,"z":20.861427307128908},"rotation":{"x":0.3909904360771179,"y":-0.38587290048599245,"z":0.18501991033554078,"w":0.814904510974884},"size":11.845977783203125,"orthographic":false}