{"cameraMode":{"drawMode":0,"name":"Shaded","section":"Shading Mode"},"sceneLighting":false,"audioPlay":false,"sceneViewState":{"showFog":true,"showMaterialUpdate":false,"showSkybox":false,"showFlares":true,"showImageEffects":true,"showParticleSystems":true},"in2DMode":false,"pivot":{"x":-9.682121276855469,"y":3.2268142700195314,"z":27.28942108154297},"rotation":{"x":-0.03921455889940262,"y":-0.41424068808555605,"z":-0.018075350672006608,"w":0.9092189073562622},"size":20.052976608276368,"orthographic":false}