{"cameraMode":{"drawMode":0,"name":"Shaded","section":"Shading Mode"},"sceneLighting":false,"audioPlay":false,"sceneViewState":{"showFog":true,"showMaterialUpdate":false,"showSkybox":true,"showFlares":true,"showImageEffects":true,"showParticleSystems":true},"in2DMode":false,"pivot":{"x":1.7801895141601563,"y":-4.812536239624023,"z":13.124846458435059},"rotation":{"x":0.14420250058174134,"y":0.37172168493270876,"z":-0.058667682111263278,"w":0.9152384400367737},"size":48.75988006591797,"orthographic":false}